link,response,title
/about-us/,<200 https://theculturetrip.com/north-america/usa/articles/the-usa-s-10-most-talented-food-bloggers-to-follow/>,About Us
/the-team/,<200 https://theculturetrip.com/north-america/usa/articles/the-usa-s-10-most-talented-food-bloggers-to-follow/>,The Team
/in-the-news/,<200 https://theculturetrip.com/north-america/usa/articles/the-usa-s-10-most-talented-food-bloggers-to-follow/>,In The News
/our-app/,<200 https://theculturetrip.com/north-america/usa/articles/the-usa-s-10-most-talented-food-bloggers-to-follow/>,Our App
/newsletter/,<200 https://theculturetrip.com/north-america/usa/articles/the-usa-s-10-most-talented-food-bloggers-to-follow/>,Newsletter
/get-in-touch/,<200 https://theculturetrip.com/north-america/usa/articles/the-usa-s-10-most-talented-food-bloggers-to-follow/>,Get in Touch
/advertise/,<200 https://theculturetrip.com/north-america/usa/articles/the-usa-s-10-most-talented-food-bloggers-to-follow/>,Advertise
https://jobs.lever.co/culturetrip,<200 https://theculturetrip.com/north-america/usa/articles/the-usa-s-10-most-talented-food-bloggers-to-follow/>,Careers
/freelance-jobs/,<200 https://theculturetrip.com/north-america/usa/articles/the-usa-s-10-most-talented-food-bloggers-to-follow/>,Freelance Jobs
/privacy-policy/,<200 https://theculturetrip.com/north-america/usa/articles/the-usa-s-10-most-talented-food-bloggers-to-follow/>,Privacy Policy
/terms-of-use/,<200 https://theculturetrip.com/north-america/usa/articles/the-usa-s-10-most-talented-food-bloggers-to-follow/>,Terms of Use
/cookie-policy/,<200 https://theculturetrip.com/north-america/usa/articles/the-usa-s-10-most-talented-food-bloggers-to-follow/>,Cookie Policy
/asia/usa/,<200 https://theculturetrip.com/asia/>,USA
/asia/central-america/,<200 https://theculturetrip.com/asia/>,Central America
/asia/canada/,<200 https://theculturetrip.com/asia/>,Canada
/asia/mexico/,<200 https://theculturetrip.com/asia/>,Mexico
/asia/caribbean/,<200 https://theculturetrip.com/asia/>,Caribbean
/asia/costa-rica/,<200 https://theculturetrip.com/asia/>,Costa Rica
/asia/puerto-rico/,<200 https://theculturetrip.com/asia/>,Puerto Rico
/asia/guatemala/,<200 https://theculturetrip.com/asia/>,Guatemala
/asia/cuba/,<200 https://theculturetrip.com/asia/>,Cuba
/asia/panama/,<200 https://theculturetrip.com/asia/>,Panama
/asia/jamaica/,<200 https://theculturetrip.com/asia/>,Jamaica
/asia/nicaragua/,<200 https://theculturetrip.com/asia/>,Nicaragua
/asia/bahamas/,<200 https://theculturetrip.com/asia/>,Bahamas
/asia/dominican-republic/,<200 https://theculturetrip.com/asia/>,Dominican Republic
/asia/barbados/,<200 https://theculturetrip.com/asia/>,Barbados
/asia/haiti/,<200 https://theculturetrip.com/asia/>,Haiti
/asia/trinidad-and-tobago/,<200 https://theculturetrip.com/asia/>,Trinidad And Tobago
/asia/honduras/,<200 https://theculturetrip.com/asia/>,Honduras
/asia/el-salvador/,<200 https://theculturetrip.com/asia/>,El Salvador
/asia/grenada/,<200 https://theculturetrip.com/asia/>,Grenada
/asia/aruba-bonaire-curacao/,<200 https://theculturetrip.com/asia/>,"Aruba, Bonaire & Curacao"
/asia/cayman-islands/,<200 https://theculturetrip.com/asia/>,Cayman Islands
/about-us/,<200 https://theculturetrip.com/asia/>,About Us
/the-team/,<200 https://theculturetrip.com/asia/>,The Team
/in-the-news/,<200 https://theculturetrip.com/asia/>,In The News
/our-app/,<200 https://theculturetrip.com/asia/>,Our App
/newsletter/,<200 https://theculturetrip.com/asia/>,Newsletter
/get-in-touch/,<200 https://theculturetrip.com/asia/>,Get in Touch
/advertise/,<200 https://theculturetrip.com/asia/>,Advertise
https://jobs.lever.co/culturetrip,<200 https://theculturetrip.com/asia/>,Careers
/freelance-jobs/,<200 https://theculturetrip.com/asia/>,Freelance Jobs
/privacy-policy/,<200 https://theculturetrip.com/asia/>,Privacy Policy
/terms-of-use/,<200 https://theculturetrip.com/asia/>,Terms of Use
/cookie-policy/,<200 https://theculturetrip.com/asia/>,Cookie Policy
/middle-east/israel/,<200 https://theculturetrip.com/middle-east/>,Israel
/middle-east/turkey/,<200 https://theculturetrip.com/middle-east/>,Turkey
/middle-east/united-arab-emirates/,<200 https://theculturetrip.com/middle-east/>,United Arab Emirates
/middle-east/iran/,<200 https://theculturetrip.com/middle-east/>,Iran
/middle-east/lebanon/,<200 https://theculturetrip.com/middle-east/>,Lebanon
/middle-east/egypt/,<200 https://theculturetrip.com/middle-east/>,Egypt
/middle-east/oman/,<200 https://theculturetrip.com/middle-east/>,Oman
/middle-east/jordan/,<200 https://theculturetrip.com/middle-east/>,Jordan
/middle-east/cyprus/,<200 https://theculturetrip.com/middle-east/>,Cyprus
/middle-east/saudi-arabia/,<200 https://theculturetrip.com/middle-east/>,Saudi Arabia
/middle-east/palestine/,<200 https://theculturetrip.com/middle-east/>,Palestine
/middle-east/bahrain/,<200 https://theculturetrip.com/middle-east/>,Bahrain
/middle-east/qatar/,<200 https://theculturetrip.com/middle-east/>,Qatar
/middle-east/iraq/,<200 https://theculturetrip.com/middle-east/>,Iraq
/middle-east/syria/,<200 https://theculturetrip.com/middle-east/>,Syria
/middle-east/yemen/,<200 https://theculturetrip.com/middle-east/>,Yemen
/middle-east/kuwait/,<200 https://theculturetrip.com/middle-east/>,Kuwait
/about-us/,<200 https://theculturetrip.com/middle-east/>,About Us
/the-team/,<200 https://theculturetrip.com/middle-east/>,The Team
/in-the-news/,<200 https://theculturetrip.com/middle-east/>,In The News
/our-app/,<200 https://theculturetrip.com/middle-east/>,Our App
/newsletter/,<200 https://theculturetrip.com/middle-east/>,Newsletter
/get-in-touch/,<200 https://theculturetrip.com/middle-east/>,Get in Touch
/advertise/,<200 https://theculturetrip.com/middle-east/>,Advertise
https://jobs.lever.co/culturetrip,<200 https://theculturetrip.com/middle-east/>,Careers
/freelance-jobs/,<200 https://theculturetrip.com/middle-east/>,Freelance Jobs
/privacy-policy/,<200 https://theculturetrip.com/middle-east/>,Privacy Policy
/terms-of-use/,<200 https://theculturetrip.com/middle-east/>,Terms of Use
/cookie-policy/,<200 https://theculturetrip.com/middle-east/>,Cookie Policy
/asia/usa/,<200 https://theculturetrip.com/north-america/film-and-tv/>,USA
/asia/central-america/,<200 https://theculturetrip.com/north-america/film-and-tv/>,Central America
/asia/canada/,<200 https://theculturetrip.com/north-america/film-and-tv/>,Canada
/asia/mexico/,<200 https://theculturetrip.com/north-america/film-and-tv/>,Mexico
/asia/caribbean/,<200 https://theculturetrip.com/north-america/film-and-tv/>,Caribbean
/asia/costa-rica/,<200 https://theculturetrip.com/north-america/film-and-tv/>,Costa Rica
/asia/puerto-rico/,<200 https://theculturetrip.com/north-america/film-and-tv/>,Puerto Rico
/asia/guatemala/,<200 https://theculturetrip.com/north-america/film-and-tv/>,Guatemala
/asia/cuba/,<200 https://theculturetrip.com/north-america/film-and-tv/>,Cuba
/asia/panama/,<200 https://theculturetrip.com/north-america/film-and-tv/>,Panama
/asia/jamaica/,<200 https://theculturetrip.com/north-america/film-and-tv/>,Jamaica
/asia/nicaragua/,<200 https://theculturetrip.com/north-america/film-and-tv/>,Nicaragua
/asia/bahamas/,<200 https://theculturetrip.com/north-america/film-and-tv/>,Bahamas
/asia/dominican-republic/,<200 https://theculturetrip.com/north-america/film-and-tv/>,Dominican Republic
/asia/barbados/,<200 https://theculturetrip.com/north-america/film-and-tv/>,Barbados
/asia/haiti/,<200 https://theculturetrip.com/north-america/film-and-tv/>,Haiti
/asia/trinidad-and-tobago/,<200 https://theculturetrip.com/north-america/film-and-tv/>,Trinidad And Tobago
/asia/honduras/,<200 https://theculturetrip.com/north-america/film-and-tv/>,Honduras
/asia/el-salvador/,<200 https://theculturetrip.com/north-america/film-and-tv/>,El Salvador
/asia/grenada/,<200 https://theculturetrip.com/north-america/film-and-tv/>,Grenada
/asia/aruba-bonaire-curacao/,<200 https://theculturetrip.com/north-america/film-and-tv/>,"Aruba, Bonaire & Curacao"
/asia/cayman-islands/,<200 https://theculturetrip.com/north-america/film-and-tv/>,Cayman Islands
/about-us/,<200 https://theculturetrip.com/north-america/film-and-tv/>,About Us
/the-team/,<200 https://theculturetrip.com/north-america/film-and-tv/>,The Team
/in-the-news/,<200 https://theculturetrip.com/north-america/film-and-tv/>,In The News
/our-app/,<200 https://theculturetrip.com/north-america/film-and-tv/>,Our App
/north-america/australia/,<200 https://theculturetrip.com/pacific/music/>,Australia
/north-america/new-zealand/,<200 https://theculturetrip.com/pacific/music/>,New Zealand
/north-america/fiji/,<200 https://theculturetrip.com/pacific/music/>,Fiji
/north-america/french-polynesia/,<200 https://theculturetrip.com/pacific/music/>,French Polynesia
/north-america/new-caledonia/,<200 https://theculturetrip.com/pacific/music/>,New Caledonia
/north-america/papua-new-guinea/,<200 https://theculturetrip.com/pacific/music/>,Papua New Guinea
/about-us/,<200 https://theculturetrip.com/pacific/music/>,About Us
/the-team/,<200 https://theculturetrip.com/pacific/music/>,The Team
/in-the-news/,<200 https://theculturetrip.com/pacific/music/>,In The News
/our-app/,<200 https://theculturetrip.com/pacific/music/>,Our App
/newsletter/,<200 https://theculturetrip.com/pacific/music/>,Newsletter
/get-in-touch/,<200 https://theculturetrip.com/pacific/music/>,Get in Touch
/advertise/,<200 https://theculturetrip.com/pacific/music/>,Advertise
https://jobs.lever.co/culturetrip,<200 https://theculturetrip.com/pacific/music/>,Careers
/freelance-jobs/,<200 https://theculturetrip.com/pacific/music/>,Freelance Jobs
/privacy-policy/,<200 https://theculturetrip.com/pacific/music/>,Privacy Policy
/terms-of-use/,<200 https://theculturetrip.com/pacific/music/>,Terms of Use
/cookie-policy/,<200 https://theculturetrip.com/pacific/music/>,Cookie Policy
/newsletter/,<200 https://theculturetrip.com/north-america/film-and-tv/>,Newsletter
/get-in-touch/,<200 https://theculturetrip.com/north-america/film-and-tv/>,Get in Touch
/advertise/,<200 https://theculturetrip.com/north-america/film-and-tv/>,Advertise
https://jobs.lever.co/culturetrip,<200 https://theculturetrip.com/north-america/film-and-tv/>,Careers
/freelance-jobs/,<200 https://theculturetrip.com/north-america/film-and-tv/>,Freelance Jobs
/privacy-policy/,<200 https://theculturetrip.com/north-america/film-and-tv/>,Privacy Policy
/terms-of-use/,<200 https://theculturetrip.com/north-america/film-and-tv/>,Terms of Use
/cookie-policy/,<200 https://theculturetrip.com/north-america/film-and-tv/>,Cookie Policy
/north-america/australia/,<200 https://theculturetrip.com/north-america/>,Australia
/north-america/new-zealand/,<200 https://theculturetrip.com/north-america/>,New Zealand
/north-america/fiji/,<200 https://theculturetrip.com/north-america/>,Fiji
/north-america/french-polynesia/,<200 https://theculturetrip.com/north-america/>,French Polynesia
/north-america/new-caledonia/,<200 https://theculturetrip.com/north-america/>,New Caledonia
/north-america/papua-new-guinea/,<200 https://theculturetrip.com/north-america/>,Papua New Guinea
/about-us/,<200 https://theculturetrip.com/north-america/>,About Us
/the-team/,<200 https://theculturetrip.com/north-america/>,The Team
/in-the-news/,<200 https://theculturetrip.com/north-america/>,In The News
/our-app/,<200 https://theculturetrip.com/north-america/>,Our App
/newsletter/,<200 https://theculturetrip.com/north-america/>,Newsletter
/get-in-touch/,<200 https://theculturetrip.com/north-america/>,Get in Touch
/advertise/,<200 https://theculturetrip.com/north-america/>,Advertise
https://jobs.lever.co/culturetrip,<200 https://theculturetrip.com/north-america/>,Careers
/freelance-jobs/,<200 https://theculturetrip.com/north-america/>,Freelance Jobs
/privacy-policy/,<200 https://theculturetrip.com/north-america/>,Privacy Policy
/terms-of-use/,<200 https://theculturetrip.com/north-america/>,Terms of Use
/cookie-policy/,<200 https://theculturetrip.com/north-america/>,Cookie Policy
/pacific/australia/,<200 https://theculturetrip.com/pacific/>,Australia
/pacific/new-zealand/,<200 https://theculturetrip.com/pacific/>,New Zealand
/pacific/fiji/,<200 https://theculturetrip.com/pacific/>,Fiji
/pacific/french-polynesia/,<200 https://theculturetrip.com/pacific/>,French Polynesia
/pacific/new-caledonia/,<200 https://theculturetrip.com/pacific/>,New Caledonia
/pacific/papua-new-guinea/,<200 https://theculturetrip.com/pacific/>,Papua New Guinea
/about-us/,<200 https://theculturetrip.com/pacific/>,About Us
/the-team/,<200 https://theculturetrip.com/pacific/>,The Team
/in-the-news/,<200 https://theculturetrip.com/pacific/>,In The News
/our-app/,<200 https://theculturetrip.com/pacific/>,Our App
/newsletter/,<200 https://theculturetrip.com/pacific/>,Newsletter
/get-in-touch/,<200 https://theculturetrip.com/pacific/>,Get in Touch
/advertise/,<200 https://theculturetrip.com/pacific/>,Advertise
https://jobs.lever.co/culturetrip,<200 https://theculturetrip.com/pacific/>,Careers
/freelance-jobs/,<200 https://theculturetrip.com/pacific/>,Freelance Jobs
/privacy-policy/,<200 https://theculturetrip.com/pacific/>,Privacy Policy
/terms-of-use/,<200 https://theculturetrip.com/pacific/>,Terms of Use
/cookie-policy/,<200 https://theculturetrip.com/pacific/>,Cookie Policy
/europe/united-kingdom/books/,<200 https://theculturetrip.com/europe/books/>,United Kingdom
/europe/spain/books/,<200 https://theculturetrip.com/europe/books/>,Spain
/europe/france/books/,<200 https://theculturetrip.com/europe/books/>,France
/europe/germany/books/,<200 https://theculturetrip.com/europe/books/>,Germany
/europe/italy/books/,<200 https://theculturetrip.com/europe/books/>,Italy
/europe/belgium/books/,<200 https://theculturetrip.com/europe/books/>,Belgium
/europe/russia/books/,<200 https://theculturetrip.com/europe/books/>,Russia
/europe/greece/books/,<200 https://theculturetrip.com/europe/books/>,Greece
/europe/the-netherlands/books/,<200 https://theculturetrip.com/europe/books/>,The Netherlands
/europe/ireland/books/,<200 https://theculturetrip.com/europe/books/>,Ireland
/europe/sweden/books/,<200 https://theculturetrip.com/europe/books/>,Sweden
/europe/poland/books/,<200 https://theculturetrip.com/europe/books/>,Poland
/europe/portugal/books/,<200 https://theculturetrip.com/europe/books/>,Portugal
/europe/denmark/books/,<200 https://theculturetrip.com/europe/books/>,Denmark
/europe/finland/books/,<200 https://theculturetrip.com/europe/books/>,Finland
/europe/switzerland/books/,<200 https://theculturetrip.com/europe/books/>,Switzerland
/europe/austria/books/,<200 https://theculturetrip.com/europe/books/>,Austria
/europe/norway/books/,<200 https://theculturetrip.com/europe/books/>,Norway
/europe/bulgaria/books/,<200 https://theculturetrip.com/europe/books/>,Bulgaria
/europe/iceland/books/,<200 https://theculturetrip.com/europe/books/>,Iceland
/europe/serbia/books/,<200 https://theculturetrip.com/europe/books/>,Serbia
/europe/romania/books/,<200 https://theculturetrip.com/europe/books/>,Romania
/europe/czech-republic/books/,<200 https://theculturetrip.com/europe/books/>,Czech Republic
/europe/hungary/books/,<200 https://theculturetrip.com/europe/books/>,Hungary
/europe/ukraine/books/,<200 https://theculturetrip.com/europe/books/>,Ukraine
/europe/croatia/books/,<200 https://theculturetrip.com/europe/books/>,Croatia
/europe/lithuania/books/,<200 https://theculturetrip.com/europe/books/>,Lithuania
/europe/bosnia-herzegovina/books/,<200 https://theculturetrip.com/europe/books/>,Bosnia And Herzegovina
/europe/albania/books/,<200 https://theculturetrip.com/europe/books/>,Albania
/europe/malta/books/,<200 https://theculturetrip.com/europe/books/>,Malta
/europe/montenegro/books/,<200 https://theculturetrip.com/europe/books/>,Montenegro
/europe/slovakia/books/,<200 https://theculturetrip.com/europe/books/>,Slovakia
/europe/slovenia/books/,<200 https://theculturetrip.com/europe/books/>,Slovenia
/europe/cyprus/books/,<200 https://theculturetrip.com/europe/books/>,Cyprus
/europe/estonia/books/,<200 https://theculturetrip.com/europe/books/>,Estonia
/europe/monaco/books/,<200 https://theculturetrip.com/europe/books/>,Monaco
/europe/latvia/books/,<200 https://theculturetrip.com/europe/books/>,Latvia
/europe/kosovo/books/,<200 https://theculturetrip.com/europe/books/>,Kosovo
/europe/luxembourg/books/,<200 https://theculturetrip.com/europe/books/>,Luxembourg
/europe/belarus/books/,<200 https://theculturetrip.com/europe/books/>,Belarus
/europe/andorra/books/,<200 https://theculturetrip.com/europe/books/>,Andorra
/europe/faroe-islands/books/,<200 https://theculturetrip.com/europe/books/>,Faroe Islands
/europe/moldova/books/,<200 https://theculturetrip.com/europe/books/>,Moldova
/europe/macedonia/books/,<200 https://theculturetrip.com/europe/books/>,Macedonia
/about-us/,<200 https://theculturetrip.com/europe/books/>,About Us
/the-team/,<200 https://theculturetrip.com/europe/books/>,The Team
/in-the-news/,<200 https://theculturetrip.com/europe/books/>,In The News
/our-app/,<200 https://theculturetrip.com/europe/books/>,Our App
/newsletter/,<200 https://theculturetrip.com/europe/books/>,Newsletter
/get-in-touch/,<200 https://theculturetrip.com/europe/books/>,Get in Touch
/advertise/,<200 https://theculturetrip.com/europe/books/>,Advertise
https://jobs.lever.co/culturetrip,<200 https://theculturetrip.com/europe/books/>,Careers
/freelance-jobs/,<200 https://theculturetrip.com/europe/books/>,Freelance Jobs
/privacy-policy/,<200 https://theculturetrip.com/europe/books/>,Privacy Policy
/terms-of-use/,<200 https://theculturetrip.com/europe/books/>,Terms of Use
/cookie-policy/,<200 https://theculturetrip.com/europe/books/>,Cookie Policy
